Source Product ID,Target Product ID
bulbasaur,Weedle
bulbasaur,Metapod
bulbasaur,Blastoise
Weedle,Squirtle
Weedle,Ekans
Weedle,Pidgeotto
Metapod,Raticate
Metapod,Beedrill
Metapod,Spearow
Blastoise,Squirtle
Blastoise,Pidgey
Blastoise,Beedrill
Squirtle,Blastoise
Squirtle,Pidgeotto
Squirtle,Charmeleon
Ekans,Rattata
Ekans,Spearow
Ekans,Butterfree
Pidgeotto,Weedle
Pidgeotto,Ekans
Pidgeotto,Raticate
Raticate,Kakuna
Raticate,Ekans
Raticate,Pidgeotto
Beedrill,Spearow
Beedrill,Venusaur
Beedrill,Butterfree
Spearow,Arbok
Spearow,Rattata
Spearow,Ekans
Pidgey,Raticate
Pidgey,Pikachu
Pidgey,Spearow
Charmeleon,Spearow
Charmeleon,Ivysaur
Charmeleon,Kakuna
Rattata,Caterpie
Rattata,Ivysaur
Rattata,Blastoise
Butterfree,Pikachu
Butterfree,Charizard
Butterfree,Weedle
Kakuna,Pikachu
Kakuna,Metapod
Kakuna,Charmeleon
Venusaur,Metapod
Venusaur,Pikachu
Venusaur,Weedle
Arbok,Blastoise
Arbok,Metapod
Arbok,Squirtle
Pikachu,Spearow
Pikachu,Caterpie
Pikachu,Charizard
Ivysaur,Pidgeotto
Ivysaur,Raticate
Ivysaur,Butterfree
Caterpie,Rattata
Caterpie,Pikachu
Caterpie,Raticate
Charizard,Raticate
Charizard,Butterfree
Charizard,Charmeleon
