Product ID,Product Name,Category,Price,Recommended product IDs
bulbasaur,Bulbasaur,Pokemon,£63.00,"Weedle,Metapod,Blastoise"
Weedle,Weedle,Hairy Bug,£25.00,"Squirtle,Ekans,Pidgeotto"
Metapod,Metapod,Cocoon,£148.00,"Raticate,Beedrill,Spearow"
Blastoise,Blastoise,Pokemon,£76.00,"Squirtle,Pidgey,Beedrill"
Squirtle,Squirtle,Pokemon,£130.00,"Blastoise,Pidgeotto,Charmeleon"
Ekans,Ekans,Pokemon,£55.00,"Rattata,Spearow,Butterfree"
Pidgeotto,Pidgeotto,Bird,£84.00,"Weedle,Ekans,Raticate"
Raticate,Raticate,Mouse,£60.00,"Kakuna,Ekans,Pidgeotto"
Beedrill,Beedrill,Poison Bee,£168.00,"Spearow,Venusaur,Butterfree"
Spearow,Spearow,Pokemon,£133.00,"Arbok,Rattata,Ekans"
Pidgey,Pidgey,Pokemon,£159.00,"Raticate,Pikachu,Spearow"
Charmeleon,Charmeleon,Flame,£165.00,"Spearow,Ivysaur,Kakuna"
Rattata,Rattata,Mouse,£128.00,"Caterpie,Ivysaur,Blastoise"
Butterfree,Butterfree,Butterfly,£162.00,"Pikachu,Charizard,Weedle"
Kakuna,Kakuna,Cocoon,£148.00,"Pikachu,Metapod,Charmeleon"
Venusaur,Venusaur,Pokemon,£105.00,"Metapod,Pikachu,Weedle"
Arbok,Arbok,Cobra,£182.00,"Blastoise,Metapod,Squirtle"
Pikachu,Pikachu,Mouse,£37.00,"Spearow,Caterpie,Charizard"
Ivysaur,Ivysaur,Pokemon,£87.00,"Pidgeotto,Raticate,Butterfree"
Caterpie,Caterpie,Pokemon,£73.00,"Rattata,Pikachu,Raticate"
Charizard,Charizard,Flame,£156.00,"Raticate,Butterfree,Charmeleon"
